{
  "project_info": {
    "project_number": "194433506219",
    "firebase_url": "https://otp-verifaication.firebaseio.com",
    "project_id": "otp-verifaication",
    "storage_bucket": "otp-verifaication.appspot.com"
  },
  "client": [
    {
      "client_info": {
        "mobilesdk_app_id": "1:194433506219:android:0aadfa65b981df55",
        "android_client_info": {
          "package_name": "com.path.otpauthentication"
        }
      },
      "oauth_client": [
        {
          "client_id": "194433506219-2beubbt1cjhcbpqig5baul9rev120tsi.apps.googleusercontent.com",
          "client_type": 1,
          "android_info": {
            "package_name": "com.path.otpauthentication",
            "certificate_hash": "f7ea8621b4a168550817e4ba3a37d7c0c097be37"
          }
        },
        {
          "client_id": "194433506219-t75958lf5ljllk4shondllj4emhphph0.apps.googleusercontent.com",
          "client_type": 3
        }
      ],
      "api_key": [
        {
          "current_key": "AIzaSyA4d8q9tbwYqM7nZdk7V-PpLRVwUvqj48Q"
        }
      ],
      "services": {
        "appinvite_service": {
          "other_platform_oauth_client": [
            {
              "client_id": "194433506219-t75958lf5ljllk4shondllj4emhphph0.apps.googleusercontent.com",
              "client_type": 3
            }
          ]
        }
      }
    }
  ],
  "configuration_version": "1"
}